Cloud Provider,Geographic Region,Detailed Location,Region Code,Cloudflare Configuration String
AWS,North America,US East (N. Virginia),us-east-1,aws:us-east-1
AWS,North America,US East (Ohio),us-east-2,aws:us-east-2
AWS,North America,US West (N. California),us-west-1,aws:us-west-1
AWS,North America,US West (Oregon),us-west-2,aws:us-west-2
AWS,North America,Canada (Central) (Montreal),ca-central-1,aws:ca-central-1
AWS,North America,Canada West (Calgary),ca-west-1,aws:ca-west-1
AWS,North America,Mexico (Central) (Querétaro),mx-central-1,aws:mx-central-1
AWS,South America,South America (São Paulo),sa-east-1,aws:sa-east-1
AWS,Europe,Europe (Frankfurt),eu-central-1,aws:eu-central-1
AWS,Europe,Europe (Zurich),eu-central-2,aws:eu-central-2
AWS,Europe,Europe (Stockholm),eu-north-1,aws:eu-north-1
AWS,Europe,Europe (Milan),eu-south-1,aws:eu-south-1
AWS,Europe,Europe (Spain) (Zaragoza),eu-south-2,aws:eu-south-2
AWS,Europe,Europe (Ireland) (Dublin),eu-west-1,aws:eu-west-1
AWS,Europe,Europe (London),eu-west-2,aws:eu-west-2
AWS,Europe,Europe (Paris),eu-west-3,aws:eu-west-3
AWS,Asia Pacific,Asia Pacific (Hong Kong),ap-east-1,aws:ap-east-1
AWS,Asia Pacific,Asia Pacific (Taipei),ap-east-2,aws:ap-east-2
AWS,Asia Pacific,Asia Pacific (Tokyo),ap-northeast-1,aws:ap-northeast-1
AWS,Asia Pacific,Asia Pacific (Seoul),ap-northeast-2,aws:ap-northeast-2
AWS,Asia Pacific,Asia Pacific (Osaka),ap-northeast-3,aws:ap-northeast-3
AWS,Asia Pacific,Asia Pacific (Mumbai),ap-south-1,aws:ap-south-1
AWS,Asia Pacific,Asia Pacific (Hyderabad),ap-south-2,aws:ap-south-2
AWS,Asia Pacific,Asia Pacific (Singapore),ap-southeast-1,aws:ap-southeast-1
AWS,Asia Pacific,Asia Pacific (Sydney),ap-southeast-2,aws:ap-southeast-2
AWS,Asia Pacific,Asia Pacific (Jakarta),ap-southeast-3,aws:ap-southeast-3
AWS,Asia Pacific,Asia Pacific (Melbourne),ap-southeast-4,aws:ap-southeast-4
AWS,Asia Pacific,Asia Pacific (Malaysia) (Kuala Lumpur),ap-southeast-5,aws:ap-southeast-5
AWS,Asia Pacific,Asia Pacific (Auckland),ap-southeast-6,aws:ap-southeast-6
AWS,Asia Pacific,Asia Pacific (Thailand) (Bangkok),ap-southeast-7,aws:ap-southeast-7
AWS,Middle East/Africa,Israel (Tel Aviv),il-central-1,aws:il-central-1
AWS,Middle East/Africa,Middle East (UAE) (Dubai),me-central-1,aws:me-central-1
AWS,Middle East/Africa,Middle East (Bahrain),me-south-1,aws:me-south-1
AWS,Middle East/Africa,Africa (Cape Town),af-south-1,aws:af-south-1
GCP,North America,US Central (Iowa),us-central1,gcp:us-central1
GCP,North America,US East (South Carolina),us-east1,gcp:us-east1
GCP,North America,US East (Virginia),us-east4,gcp:us-east4
GCP,North America,US East (Ohio),us-east5,gcp:us-east5
GCP,North America,US South (Texas),us-south1,gcp:us-south1
GCP,North America,US West (Oregon),us-west1,gcp:us-west1
GCP,North America,US West (California),us-west2,gcp:us-west2
GCP,North America,US West (Utah),us-west3,gcp:us-west3
GCP,North America,US West (Nevada),us-west4,gcp:us-west4
GCP,North America,North America (Montreal),northamerica-northeast1,gcp:northamerica-northeast1
GCP,North America,North America (Toronto),northamerica-northeast2,gcp:northamerica-northeast2
GCP,North America,North America (Querétaro),northamerica-south1,gcp:northamerica-south1
GCP,South America,South America (São Paulo),southamerica-east1,gcp:southamerica-east1
GCP,South America,South America (Santiago),southamerica-west1,gcp:southamerica-west1
GCP,Europe,Europe (Belgium) (Saint-Ghislain),europe-west1,gcp:europe-west1
GCP,Europe,Europe (London),europe-west2,gcp:europe-west2
GCP,Europe,Europe (Frankfurt),europe-west3,gcp:europe-west3
GCP,Europe,Europe (Netherlands) (Eemshaven),europe-west4,gcp:europe-west4
GCP,Europe,Europe (Zurich),europe-west6,gcp:europe-west6
GCP,Europe,Europe (Milan),europe-west8,gcp:europe-west8
GCP,Europe,Europe (Paris),europe-west9,gcp:europe-west9
GCP,Europe,Europe (Berlin),europe-west10,gcp:europe-west10
GCP,Europe,Europe (Turin),europe-west12,gcp:europe-west12
GCP,Europe,Europe (Warsaw),europe-central2,gcp:europe-central2
GCP,Europe,Europe (Madrid),europe-southwest1,gcp:europe-southwest1
GCP,Europe,Europe (Finland) (Hamina),europe-north1,gcp:europe-north1
GCP,Europe,Europe (Stockholm),europe-north2,gcp:europe-north2
GCP,Asia Pacific,Asia Pacific (Taiwan) (Changhua),asia-east1,gcp:asia-east1
GCP,Asia Pacific,Asia Pacific (Hong Kong),asia-east2,gcp:asia-east2
GCP,Asia Pacific,Asia Pacific (Tokyo),asia-northeast1,gcp:asia-northeast1
GCP,Asia Pacific,Asia Pacific (Osaka),asia-northeast2,gcp:asia-northeast2
GCP,Asia Pacific,Asia Pacific (Seoul),asia-northeast3,gcp:asia-northeast3
GCP,Asia Pacific,Asia Pacific (Mumbai),asia-south1,gcp:asia-south1
GCP,Asia Pacific,Asia Pacific (Delhi),asia-south2,gcp:asia-south2
GCP,Asia Pacific,Asia Pacific (Singapore),asia-southeast1,gcp:asia-southeast1
GCP,Asia Pacific,Asia Pacific (Jakarta),asia-southeast2,gcp:asia-southeast2
GCP,Asia Pacific,Australia (Sydney),australia-southeast1,gcp:australia-southeast1
GCP,Asia Pacific,Australia (Melbourne),australia-southeast2,gcp:australia-southeast2
GCP,Middle East/Africa,Middle East (Tel Aviv),me-west1,gcp:me-west1
GCP,Middle East/Africa,Middle East (Doha),me-central1,gcp:me-central1
GCP,Middle East/Africa,Middle East (Dammam),me-central2,gcp:me-central2
GCP,Middle East/Africa,Africa (Johannesburg),africa-south1,gcp:africa-south1
Azure,North America,East US (Virginia),eastus,azure:eastus
Azure,North America,East US (Virginia),eastus2,azure:eastus2
Azure,North America,West US (California),westus,azure:westus
Azure,North America,West US 2 (Washington),westus2,azure:westus2
Azure,North America,West US 3 (Arizona),westus3,azure:westus3
Azure,North America,Central US (Iowa),centralus,azure:centralus
Azure,North America,North Central US (Illinois),northcentralus,azure:northcentralus
Azure,North America,South Central US (Texas),southcentralus,azure:southcentralus
Azure,North America,West Central US (Wyoming),westcentralus,azure:westcentralus
Azure,North America,Canada Central (Toronto),canadacentral,azure:canadacentral
Azure,North America,Canada East (Quebec),canadaeast,azure:canadaeast
Azure,North America,Mexico Central (Querétaro),mexicocentral,azure:mexicocentral
Azure,South America,Brazil South (São Paulo),brazilsouth,azure:brazilsouth
Azure,South America,Brazil Southeast (Rio de Janeiro),brazilsoutheast,azure:brazilsoutheast
Azure,South America,Chile Central (Santiago),chilecentral,azure:chilecentral
Azure,Europe,North Europe (Dublin),northeurope,azure:northeurope
Azure,Europe,West Europe (Amsterdam),westeurope,azure:westeurope
Azure,Europe,UK South (London),uksouth,azure:uksouth
Azure,Europe,UK West (Cardiff),ukwest,azure:ukwest
Azure,Europe,France Central (Paris),francecentral,azure:francecentral
Azure,Europe,France South (Marseille),francesouth,azure:francesouth
Azure,Europe,Germany North (Berlin),germanynorth,azure:germanynorth
Azure,Europe,Germany West Central (Frankfurt),germanywestcentral,azure:germanywestcentral
Azure,Europe,Switzerland North (Zurich),switzerlandnorth,azure:switzerlandnorth
Azure,Europe,Switzerland West (Geneva),switzerlandwest,azure:switzerlandwest
Azure,Europe,Norway East (Oslo),norwayeast,azure:norwayeast
Azure,Europe,Norway West (Stavanger),norwaywest,azure:norwaywest
Azure,Europe,Sweden Central (Gävle),swedencentral,azure:swedencentral
Azure,Europe,Italy North (Milan),italynorth,azure:italynorth
Azure,Europe,Poland Central (Warsaw),polandcentral,azure:polandcentral
Azure,Europe,Spain Central (Madrid),spaincentral,azure:spaincentral
Azure,Europe,Austria East (Vienna),austriaeast,azure:austriaeast
Azure,Europe,Belgium Central (Brussels),belgiumcentral,azure:belgiumcentral
Azure,Asia Pacific,East Asia (Hong Kong),eastasia,azure:eastasia
Azure,Asia Pacific,Southeast Asia (Singapore),southeastasia,azure:southeastasia
Azure,Asia Pacific,Indonesia Central (Jakarta),indonesiacentral,azure:indonesiacentral
Azure,Asia Pacific,Malaysia West (Kuala Lumpur),malaysiawest,azure:malaysiawest
Azure,Asia Pacific,Australia Central (Canberra),australiacentral,azure:australiacentral
Azure,Asia Pacific,Australia Central 2 (Canberra 2),australiacentral2,azure:australiacentral2
Azure,Asia Pacific,Australia East (Sydney),australiaeast,azure:australiaeast
Azure,Asia Pacific,Australia Southeast (Melbourne),australiasoutheast,azure:australiasoutheast
Azure,Asia Pacific,New Zealand North (Auckland),newzealandnorth,azure:newzealandnorth
Azure,Asia Pacific,West India (Mumbai),westindia,azure:westindia
Azure,Asia Pacific,Central India (Pune),centralindia,azure:centralindia
Azure,Asia Pacific,South India (Chennai),southindia,azure:southindia
Azure,Asia Pacific,Japan East (Tokyo),japaneast,azure:japaneast
Azure,Asia Pacific,Japan West (Osaka),japanwest,azure:japanwest
Azure,Asia Pacific,Korea Central (Seoul),koreacentral,azure:koreacentral
Azure,Asia Pacific,Korea South (Busan),koreasouth,azure:koreasouth
Azure,Middle East/Africa,UAE Central (Abu Dhabi),uaecentral,azure:uaecentral
Azure,Middle East/Africa,UAE North (Dubai),uaenorth,azure:uaenorth
Azure,Middle East/Africa,Qatar Central (Doha),qatarcentral,azure:qatarcentral
Azure,Middle East/Africa,Israel Central (Jerusalem),israelcentral,azure:israelcentral
Azure,Middle East/Africa,South Africa North (Johannesburg),southafricanorth,azure:southafricanorth
Azure,Middle East/Africa,South Africa West (Cape Town),southafricawest,azure:southafricawest
